{
  "project_info": {
    "project_number": "786989229286",
    "project_id": "notes-pro-dd8ad",
    "storage_bucket": "notes-pro-dd8ad.appspot.com"
  },
  "client": [
    {
      "client_info": {
        "mobilesdk_app_id": "1:786989229286:android:571f186d4c6a6d23a0c727",
        "android_client_info": {
          "package_name": "easy.tuto.notespro"
        }
      },
      "oauth_client": [
        {
          "client_id": "786989229286-624fosg2crjmsabqd70ff191vucipk72.apps.googleusercontent.com",
          "client_type": 3
        }
      ],
      "api_key": [
        {
          "current_key": "AIzaSyB6c41Qf9Qjo4kZC7HyifL3EPjK6J6ZIvs"
        }
      ],
      "services": {
        "appinvite_service": {
          "other_platform_oauth_client": [
            {
              "client_id": "786989229286-624fosg2crjmsabqd70ff191vucipk72.apps.googleusercontent.com",
              "client_type": 3
            }
          ]
        }
      }
    }
  ],
  "configuration_version": "1"
}